10CLCGH003A,YT01,CH0,B6,1,X4-119a,,10BBDGGGA807-1,,ZJ004-1,,目标温度反馈,二回路主管道PM2-1电伴热
GH003A,YT01,CH0,B6,2,X4-119b,,10BBDGGGA807-1,,ZJ004-1,,目标温度反馈,二回路主管道PM2-1电伴热
GH003A,YT01,CH1,B6,3,X4-120a,,10BBDGGGA807-1,,ZJ004-1,,保护温度反馈,二回路主管道PM2-1电伴热
GH003A,YT01,CH1,B6,4,X4-120b,,10BBDGGGA807-1,,ZJ004-1,,保护温度反馈,二回路主管道PM2-1电伴热
GH003A,YT01,CH2,B6,5,X4-121a,,10BBDGGGA807-1,,ZJ004-1,,目标温度反馈,二回路主管道PM2-2电伴热
GH003A,YT01,CH2,B6,6,X4-121b,,10BBDGGGA807-1,,ZJ004-1,,目标温度反馈,二回路主管道PM2-2电伴热
GH003A,YT01,CH3,B6,7,X4-122a,,10BBDGGGA807-1,,ZJ004-1,,保护温度反馈,二回路主管道PM2-2电伴热
GH003A,YT01,CH3,B6,8,X4-122b,,10BBDGGGA807-1,,ZJ004-1,,保护温度反馈,二回路主管道PM2-2电伴热
GH003A,YT01,CH4,B6,9,X4-123a,,10BBDGGGA807-1,,ZJ004-1,,目标温度反馈,二回路主管道PM2-3电伴热
GH003A,YT01,CH4,B6,10,X4-123b,,10BBDGGGA807-1,,ZJ004-1,,目标温度反馈,二回路主管道PM2-3电伴热
GH003A,YT01,CH5,B6,11,X4-124a,,10BBDGGGA807-1,,ZJ004-1,,保护温度反馈,二回路主管道PM2-3电伴热
GH003A,YT01,CH5,B6,12,X4-124b,,10BBDGGGA807-1,,ZJ004-1,,保护温度反馈,二回路主管道PM2-3电伴热
GH003A,YT01,CH6,B6,13,X12-101a,,10BBDGGGA861,,10CLCZJ012-1,,目标温度反馈,二回路主管道PM2-4电伴热
GH003A,YT01,CH6,B6,14,X12-101b,,10BBDGGGA861,,10CLCZJ012-1,,目标温度反馈,二回路主管道PM2-4电伴热
GH003A,YT01,CH7,B6,15,X12-102a,,10BBDGGGA861,,10CLCZJ012-1,,保护温度反馈,二回路主管道PM2-4电伴热
GH003A,YT01,CH7,B6,16,X12-102b,,10BBDGGGA861,,10CLCZJ012-1,,保护温度反馈,二回路主管道PM2-4电伴热
GH003A,YT02,CH0,B7,1,X12-103a,,10BBDGGGA861,,10CLCZJ012-1,,目标温度反馈,二回路主管道PM2-5电伴热
GH003A,YT02,CH0,B7,2,X12-103b,,10BBDGGGA861,,10CLCZJ012-1,,目标温度反馈,二回路主管道PM2-5电伴热
GH003A,YT02,CH1,B7,3,X12-104a,,10BBDGGGA861,,10CLCZJ012-1,,保护温度反馈,二回路主管道PM2-5电伴热
GH003A,YT02,CH1,B7,4,X12-104b,,10BBDGGGA861,,10CLCZJ012-1,,保护温度反馈,二回路主管道PM2-5电伴热
GH003A,YT02,CH2,B7,5,X12-105a,,10BBDGGGA861,,10CLCZJ012-1,,目标温度反馈,二回路主管道PM2-6电伴热
GH003A,YT02,CH2,B7,6,X12-105b,,10BBDGGGA861,,10CLCZJ012-1,,目标温度反馈,二回路主管道PM2-6电伴热
GH003A,YT02,CH3,B7,7,X12-106a,,10BBDGGGA861,,10CLCZJ012-1,,保护温度反馈,二回路主管道PM2-6电伴热
GH003A,YT02,CH3,B7,8,X12-106b,,10BBDGGGA861,,10CLCZJ012-1,,保护温度反馈,二回路主管道PM2-6电伴热
GH003A,YT02,CH4,B7,9,X12-107a,,10BBDGGGA861,,10CLCZJ012-1,,目标温度反馈,二回路主管道PM2-7电伴热
GH003A,YT02,CH4,B7,10,X12-107b,,10BBDGGGA861,,10CLCZJ012-1,,目标温度反馈,二回路主管道PM2-7电伴热
GH003A,YT02,CH5,B7,11,X12-108a,,10BBDGGGA861,,10CLCZJ012-1,,保护温度反馈,二回路主管道PM2-7电伴热
GH003A,YT02,CH5,B7,12,X12-108b,,10BBDGGGA861,,10CLCZJ012-1,,保护温度反馈,二回路主管道PM2-7电伴热
GH003A,YT02,CH6,B7,13,X12-201a,,10BBDGGGA862,,10CLCZJ012-2,,目标温度反馈,二回路主管道PM2-8电伴热
GH003A,YT02,CH6,B7,14,X12-201b,,10BBDGGGA862,,10CLCZJ012-2,,目标温度反馈,二回路主管道PM2-8电伴热
GH003A,YT02,CH7,B7,15,X12-202a,,10BBDGGGA862,,10CLCZJ012-2,,保护温度反馈,二回路主管道PM2-8电伴热
GH003A,YT02,CH7,B7,16,X12-202b,,10BBDGGGA862,,10CLCZJ012-2,,保护温度反馈,二回路主管道PM2-8电伴热
GH003A,YT03,CH0,B8,1,X12-203a,,10BBDGGGA862,,10CLCZJ012-2,,目标温度反馈,二回路主管道PM2-9电伴热
GH003A,YT03,CH0,B8,2,X12-203b,,10BBDGGGA862,,10CLCZJ012-2,,目标温度反馈,二回路主管道PM2-9电伴热
GH003A,YT03,CH1,B8,3,X12-204a,,10BBDGGGA862,,10CLCZJ012-2,,保护温度反馈,二回路主管道PM2-9电伴热
GH003A,YT03,CH1,B8,4,X12-204b,,10BBDGGGA862,,10CLCZJ012-2,,保护温度反馈,二回路主管道PM2-9电伴热
GH003A,YT03,CH2,B8,5,X12-205a,,10BBDGGGA862,,10CLCZJ012-2,,目标温度反馈,二回路主管道PM2-10电伴热
GH003A,YT03,CH2,B8,6,X12-205b,,10BBDGGGA862,,10CLCZJ012-2,,目标温度反馈,二回路主管道PM2-10电伴热
GH003A,YT03,CH3,B8,7,X12-206a,,10BBDGGGA862,,10CLCZJ012-2,,保护温度反馈,二回路主管道PM2-10电伴热
GH003A,YT03,CH3,B8,8,X12-206b,,10BBDGGGA862,,10CLCZJ012-2,,保护温度反馈,二回路主管道PM2-10电伴热
GH003A,YT03,CH4,B8,9,X12-207a,,10BBDGGGA862,,10CLCZJ012-2,,目标温度反馈,二回路主管道PM2-11电伴热
GH003A,YT03,CH4,B8,10,X12-207b,,10BBDGGGA862,,10CLCZJ012-2,,目标温度反馈,二回路主管道PM2-11电伴热
GH003A,YT03,CH5,B8,11,X12-208a,,10BBDGGGA862,,10CLCZJ012-2,,保护温度反馈,二回路主管道PM2-11电伴热
GH003A,YT03,CH5,B8,12,X12-208b,,10BBDGGGA862,,10CLCZJ012-2,,保护温度反馈,二回路主管道PM2-11电伴热
GH003A,YT03,CH6,B8,13,X12-209a,,10BBDGGGA862,,10CLCZJ012-2,,目标温度反馈,二回路主管道PM2-12电伴热
GH003A,YT03,CH6,B8,14,X12-209b,,10BBDGGGA862,,10CLCZJ012-2,,目标温度反馈,二回路主管道PM2-12电伴热
GH003A,YT03,CH7,B8,15,X12-210a,,10BBDGGGA862,,10CLCZJ012-2,,保护温度反馈,二回路主管道PM2-12电伴热
GH003A,YT03,CH7,B8,16,X12-210b,,10BBDGGGA862,,10CLCZJ012-2,,保护温度反馈,二回路主管道PM2-12电伴热
GH003A,YT04,CH0,B9,1,X12-301a,,10BBDGGGA863-1,,10CLCZJ012-3,,目标温度反馈,二回路主管道PM2-13电伴热
GH003A,YT04,CH0,B9,2,X12-301b,,10BBDGGGA863-1,0,10CLCZJ012-3,,目标温度反馈,二回路主管道PM2-13电伴热
GH003A,YT04,CH1,B9,3,X12-302a,,10BBDGGGA863-1,0,10CLCZJ012-3,,保护温度反馈,二回路主管道PM2-13电伴热
GH003A,YT04,CH1,B9,4,X12-302b,,10BBDGGGA863-1,0,10CLCZJ012-3,,保护温度反馈,二回路主管道PM2-13电伴热
GH003A,YT04,CH2,B9,5,X12-303a,,10BBDGGGA863-1,0,10CLCZJ012-3,,目标温度反馈,二回路主管道PM2-14电伴热
GH003A,YT04,CH2,B9,6,X12-303b,,10BBDGGGA863-1,0,10CLCZJ012-3,,目标温度反馈,二回路主管道PM2-14电伴热
GH003A,YT04,CH3,B9,7,X12-304a,,10BBDGGGA863-1,0,10CLCZJ012-3,,保护温度反馈,二回路主管道PM2-14电伴热
GH003A,YT04,CH3,B9,8,X12-304b,,10BBDGGGA863-1,0,10CLCZJ012-3,,保护温度反馈,二回路主管道PM2-14电伴热
GH003A,YT04,CH4,B9,9,X12-305a,,10BBDGGGA863-1,0,10CLCZJ012-3,,目标温度反馈,二回路主管道PM2-15电伴热
GH003A,YT04,CH4,B9,10,X12-305b,,10BBDGGGA863-1,0,10CLCZJ012-3,,目标温度反馈,二回路主管道PM2-15电伴热
GH003A,YT04,CH5,B9,11,X12-306a,,10BBDGGGA863-1,0,10CLCZJ012-3,,保护温度反馈,二回路主管道PM2-15电伴热
GH003A,YT04,CH5,B9,12,X12-306b,,10BBDGGGA863-1,0,10CLCZJ012-3,,保护温度反馈,二回路主管道PM2-15电伴热
GH003A,YT04,CH6,B9,13,X12-307a,,10BBDGGGA863-1,0,10CLCZJ012-3,,目标温度反馈,二回路主管道PM2-16电伴热
GH003A,YT04,CH6,B9,14,X12-307b,,10BBDGGGA863-1,0,10CLCZJ012-3,,目标温度反馈,二回路主管道PM2-16电伴热
GH003A,YT04,CH7,B9,15,X12-308a,,10BBDGGGA863-1,0,10CLCZJ012-3,,保护温度反馈,二回路主管道PM2-16电伴热
GH003A,YT04,CH7,B9,16,X12-308b,,10BBDGGGA863-1,0,10CLCZJ012-3,,保护温度反馈,二回路主管道PM2-16电伴热
GH003A,YT05,CH0,B10,1,X9-320a,,10BBDGGGA875,,,,内插温度,二回路管道IHX入口（10CMCCT1010）
GH003A,YT05,CH0,B10,2,X9-320b,,10BBDGGGA875,,,,内插温度,二回路管道IHX入口（10CMCCT1010）
GH003A,YT05,CH1,B10,3,X9-321a,,10BBDGGGA875,,,,内插温度,二回路管道IHX出口（10CMCCT1009）
GH003A,YT05,CH1,B10,4,X9-321b,,10BBDGGGA875,,,,内插温度,二回路管道IHX出口（10CMCCT1009）
GH003A,YT05,CH2,B10,5,X9-322a,,10BBDGGGA875,,,,内插温度,二回路管道熔盐空气换热入口
GH003A,YT05,CH2,B10,6,X9-322b,,10BBDGGGA875,,,,内插温度,二回路管道熔盐空气换热入口
GH003A,YT05,CH3,B10,7,X9-323a,,10BBDGGGA875,,,,内插温度,二回路管道熔盐空气换热入口
GH003A,YT05,CH3,B10,8,X9-323b,,10BBDGGGA875,,,,内插温度,二回路管道熔盐空气换热入口
GH003A,YT05,CH4,B10,9,X9-324a,,10BBDGGGA875,,,,内插温度,排气塔出口空气温度K(10CMCCT1013)
GH003A,YT05,CH4,B10,10,X9-324b,,10BBDGGGA875,,,,内插温度,排气塔出口空气温度K(10CMCCT1013)
GH003A,YT05,CH5,B10,11,,,,,,,,
GH003A,YT05,CH5,B10,12,,,,,,,,
GH003A,YT05,CH6,B10,13,,,10BBDGGGA807-1,,,,保温层壁面温度10,管道
GH003A,YT05,CH6,B10,14,,,10BBDGGGA807-1,,,,保温层壁面温度10,管道
GH003A,YT05,CH7,B10,15,,,,,,,,
GH003A,YT05,CH7,B10,16,,,,,,,,
GH003A,YT06,CH0,D3,1,X9-421a,,10BBDGGGA848,,10CLCZJ009-4,,温度监测,E21m高度内插温度
GH003A,YT06,CH0,D3,2,X9-421b,,10BBDGGGA848,,10CLCZJ009-4,,温度监测,E21m高度内插温度
GH003A,YT06,CH1,D3,3,X9-422a,,10BBDGGGA848,,10CLCZJ009-4,,温度监测,E19m高度保温棉内壁温度
GH003A,YT06,CH1,D3,4,X9-422b,,10BBDGGGA848,,10CLCZJ009-4,,温度监测,E19m高度保温棉内壁温度
GH003A,YT06,CH2,D3,5,X9-423a,,10BBDGGGA848,,10CLCZJ009-4,,温度监测,E19m高度保温棉外壁温度
GH003A,YT06,CH2,D3,6,X9-423b,,10BBDGGGA848,,10CLCZJ009-4,,温度监测,E19m高度保温棉外壁温度
GH003A,YT06,CH3,D3,7,X9-424a,,10BBDGGGA848,,10CLCZJ009-4,,温度监测,E14m高度保温棉内壁温度
GH003A,YT06,CH3,D3,8,X9-424b,,10BBDGGGA848,,10CLCZJ009-4,,温度监测,E14m高度保温棉内壁温度
GH003A,YT06,CH4,D3,9,X9-425a,,10BBDGGGA848,,10CLCZJ009-4,,温度监测,E14m高度保温棉外壁温度
GH003A,YT06,CH4,D3,10,X9-425b,,10BBDGGGA848,,10CLCZJ009-4,,温度监测,E14m高度保温棉外壁温度
GH003A,YT06,CH5,D3,11,X9-426a,,10BBDGGGA848,,10CLCZJ009-4,,温度监测,W21m高度内插温度
GH003A,YT06,CH5,D3,12,X9-426b,,10BBDGGGA848,,10CLCZJ009-4,,温度监测,W21m高度内插温度
GH003A,YT06,CH6,D3,13,X9-427a,,10BBDGGGA848,,10CLCZJ009-4,,温度监测,W19m高度保温棉内贴壁温度
GH003A,YT06,CH6,D3,14,X9-427b,,10BBDGGGA848,,10CLCZJ009-4,,温度监测,W19m高度保温棉内贴壁温度
GH003A,YT06,CH7,D3,15,X9-428a,,10BBDGGGA848,,10CLCZJ009-4,,温度监测,W19m高度保温棉外贴壁温度
GH003A,YT06,CH7,D3,16,X9-428b,,10BBDGGGA848,,10CLCZJ009-4,,温度监测,W19m高度保温棉外贴壁温度
GH003A,YT07,CH0,D4,1,X9-429a,,10BBDGGGA848,,10CLCZJ009-4,,温度监测,W14m高度保温棉内壁温度
GH003A,YT07,CH0,D4,2,X9-429b,,10BBDGGGA848,,10CLCZJ009-4,,温度监测,W14m高度保温棉内壁温度
GH003A,YT07,CH1,D4,3,X9-430a,,10BBDGGGA848,,10CLCZJ009-4,,温度监测,W14m高度保温棉外壁温度
GH003A,YT07,CH1,D4,4,X9-430b,,10BBDGGGA848,,10CLCZJ009-4,,温度监测,W14m高度保温棉外壁温度
GH003A,YT07,CH2,D4,5,X9-201a,,10BBDGGGA846,,10CLCZJ009-2,,温度监测,E7465出风管保温层外壁温度
GH003A,YT07,CH2,D4,6,X9-201b,,10BBDGGGA846,,10CLCZJ009-2,,温度监测,E7465出风管保温层外壁温度
GH003A,YT07,CH3,D4,7,X9-202a,,10BBDGGGA846,,10CLCZJ009-2,,温度监测,E6000出风管出口空气温度（内插）
GH003A,YT07,CH3,D4,8,X9-202b,,10BBDGGGA846,,10CLCZJ009-2,,温度监测,E6000出风管出口空气温度（内插）
GH003A,YT07,CH4,D4,9,X9-203a,,10BBDGGGA846,,10CLCZJ009-2,,温度监测,E10690进风口空气温度（内插）
GH003A,YT07,CH4,D4,10,X9-203b,,10BBDGGGA846,,10CLCZJ009-2,,温度监测,E10690进风口空气温度（内插）
GH003A,YT07,CH5,D4,11,X9-204a,,10BBDGGGA846,,10CLCZJ009-2,,温度监测,W7465出风管保温层外壁温度
GH003A,YT07,CH5,D4,12,X9-204b,,10BBDGGGA846,,10CLCZJ009-2,,温度监测,W7465出风管保温层外壁温度
GH003A,YT07,CH6,D4,13,X9-205a,,10BBDGGGA846,,10CLCZJ009-2,,温度监测,W6000出风管出口空气温度（内插）
GH003A,YT07,CH6,D4,14,X9-205b,,10BBDGGGA846,,10CLCZJ009-2,,温度监测,W6000出风管出口空气温度（内插）
GH003A,YT07,CH7,D4,15,X9-206a,,10BBDGGGA846,,10CLCZJ009-2,,温度监测,W10690进风口空气温度（内插）
GH003A,YT07,CH7,D4,16,X9-206b,,10BBDGGGA846,,10CLCZJ009-2,,温度监测,W10690进风口空气温度（内插）
GH003A,YT08,CH0,D5,1,X9-207a,,10BBDGGGA846,,10CLCZJ009-2,,温度监测,E9780出风管保温层外壁温度
GH003A,YT08,CH0,D5,2,X9-207b,,10BBDGGGA846,,10CLCZJ009-2,,温度监测,W10690进风口空气温度（内插）
GH003A,YT08,CH1,D5,3,X9-208a,,10BBDGGGA846,,10CLCZJ009-2,,,W9780出风管保温层外壁温度
GH003A,YT08,CH1,D5,4,X9-208b,,10BBDGGGA846,,10CLCZJ009-2,,,W9780出风管保温层外壁温度
GH003A,YT08,CH2,D5,5,X9-433a,,10BBDGGGA848-1,,10CLCZJ009-2,,,E高外贴
GH003A,YT08,CH2,D5,6,X9-433b,,10BBDGGGA848-1,,10CLCZJ009-2,,,E高外贴
GH003A,YT08,CH3,D5,7,X9-434a,,10BBDGGGA848-1,,10CLCZJ009-2,,,E低外贴
GH003A,YT08,CH3,D5,8,X9-434b,,10BBDGGGA848-1,,10CLCZJ009-2,,,E低外贴
GH003A,YT08,CH4,D5,9,X9-435a,,10BBDGGGA848-1,,10CLCZJ009-2,,,W高外贴
GH003A,YT08,CH4,D5,10,X9-435b,,10BBDGGGA848-1,,10CLCZJ009-2,,,W高外贴
GH003A,YT08,CH5,D5,11,X9-436a,,10BBDGGGA848-1,,10CLCZJ009-2,,,W低外贴
GH003A,YT08,CH5,D5,12,X9-436b,,10BBDGGGA848-1,,10CLCZJ009-2,,,W低外贴
GH003A,YT08,CH6,D5,13,,,,,,,,
GH003A,YT08,CH6,D5,14,,,,,,,,
GH003A,YT08,CH7,D5,15,,,,,,,,
GH003A,YT08,CH7,D5,16,,,,,,,,
GH003A,YT09,CH0,D6,1,,,,,,,,
GH003A,YT09,CH0,D6,2,,,,,,,,
GH003A,YT09,CH1,D6,3,,,,,,,,
GH003A,YT09,CH1,D6,4,,,,,,,,
GH003A,YT09,CH2,D6,5,,,,,,,,
GH003A,YT09,CH2,D6,6,,,,,,,,
GH003A,YT09,CH3,D6,7,,,,,,,,
GH003A,YT09,CH3,D6,8,,,,,,,,
GH003A,YT09,CH4,D6,9,,,,,,,,
GH003A,YT09,CH4,D6,10,,,,,,,,
GH003A,YT09,CH5,D6,11,,,,,,,,
GH003A,YT09,CH5,D6,12,,,,,,,,
GH003A,YT09,CH6,D6,13,,,,,,,,
GH003A,YT09,CH6,D6,14,,,,,,,,
GH003A,YT09,CH7,D6,15,,,,,,,,
GH003A,YT09,CH7,D6,16,,,,,,,,
GH003A,YT10,CH0,D7,1,,,,,,,,
GH003A,YT10,CH0,D7,2,,,,,,,,
GH003A,YT10,CH1,D7,3,,,,,,,,
GH003A,YT10,CH1,D7,4,,,,,,,,
GH003A,YT10,CH2,D7,5,,,,,,,,
GH003A,YT10,CH2,D7,6,,,,,,,,
GH003A,YT10,CH3,D7,7,,,,,,,,
GH003A,YT10,CH3,D7,8,,,,,,,,
GH003A,YT10,CH4,D7,9,,,,,,,,
GH003A,YT10,CH4,D7,10,,,,,,,,
GH003A,YT10,CH5,D7,11,,,,,,,,
GH003A,YT10,CH5,D7,12,,,,,,,,
GH003A,YT10,CH6,D7,13,,,,,,,,
GH003A,YT10,CH6,D7,14,,,,,,,,
GH003A,YT10,CH7,D7,15,,,,,,,,
GH003A,YT10,CH7,D7,16,,,,,,,,
GH003A,YA01,CH0,A10,18,X9-215a,,10BBDGGGA849,,10CLCZJ009-2,,反馈,出口管风阀A东14米高
GH003A,YA01,CH0,A10,1,X9-215b,,10BBDGGGA849,,10CLCZJ009-2,,反馈,出口管风阀A东14米高
GH003A,YA01,CH1,A10,20,X9-217a,,10BBDGGGA849,,10CLCZJ009-2,,反馈,出口管风阀B西14米高
GH003A,YA01,CH1,A10,3,X9-217b,,10BBDGGGA849,,10CLCZJ009-2,,反馈,出口管风阀B西14米高
GH003A,YA01,CH2,A10,22,X9-219a,,10BBDGGGA849,,10CLCZJ009-2,,反馈,进口管风阀东A
GH003A,YA01,CH2,A10,5,X9-219b,,10BBDGGGA849,,10CLCZJ009-2,,反馈,进口管风阀东A
GH003A,YA01,CH3,A10,24,X9-221a,,10BBDGGGA849,,10CLCZJ009-2,,反馈,进口管风阀西B
GH003A,YA01,CH3,A10,7,X9-221b,,10BBDGGGA849,,10CLCZJ009-2,,反馈,进口管风阀西B
GH003A,YA01,CH4,A10,,△P1-a,,10BBDGGGA849-1,,余排风机控制箱,,压差,风机接入管路压差△P1（新增）
GH003A,YA01,CH4,A10,,△P1-b,,10BBDGGGA849-1,,余排风机控制箱,,压差,风机接入管路压差△P1（新增）
GH003A,YA01,CH5,A10,,△P2-a,,10BBDGGGA849-1,,余排风机控制箱,,压差,风机接入管路压差△P2（新增）
GH003A,YA01,CH5,A10,,△P2-b,,10BBDGGGA849-1,,余排风机控制箱,,压差,风机接入管路压差△P2（新增）
GH003A,YA01,CH6,A10,,P-a,,10BBDGGGA849-1,,余排风机控制箱,,压力,风机接入管路压力P1（新增）
GH003A,YA01,CH6,A10,,P-b,,10BBDGGGA849-1,,余排风机控制箱,,压力,风机接入管路压力P1（新增）
GH003A,YA01,CH7,A10,15,FrqRd-a,,10BBDGGGA849-1,,余排风机控制箱,,频率反馈,余排风机（新增）
GH003A,YA01,CH7,A10,16,FrqRd-b,,10BBDGGGA849-1,,余排风机控制箱,,频率反馈,余排风机（新增）
GH003A,YA02,CH0,B2,18,X9-213a,,10BBDGGGA849,,10CLCZJ009-2,,空气差压计,E余排装置进风口到出风口空气压差A
GH003A,YA02,CH0,B2,1,X9-213b,,10BBDGGGA849,,10CLCZJ009-2,,空气差压计,E余排装置进风口到出风口空气压差A
GH003A,YA02,CH1,B2,20,X9-214a,,10BBDGGGA849,,10CLCZJ009-2,,空气差压计,W余排装置进风口到出风口空气压差B
GH003A,YA02,CH1,B2,3,X9-214b,,10BBDGGGA849,,10CLCZJ009-2,,空气差压计,W余排装置进风口到出风口空气压差B
GH003A,YA02,CH2,B2,22,X9-431a,,10BBDGGGA847,,辅楼顶转接箱,,出口流量,E13m高度空气质量流量计
GH003A,YA02,CH2,B2,5,X9-431b,,10BBDGGGA847,,辅楼顶转接箱,,出口流量,E13m高度空气质量流量计
GH003A,YA02,CH3,B2,24,X9-432a,,10BBDGGGA847,,辅楼顶转接箱,,出口流量,W13m高度空气质量流量计
GH003A,YA02,CH3,B2,7,X9-432b,,10BBDGGGA847,,辅楼顶转接箱,,出口流量,W13m高度空气质量流量计
GH003A,YA02,CH4,B2,26,X9-211a,,10BBDGGGA849,,10CLCZJ009-2,,进口流量,E余排换热装置进口空气流量A1
GH003A,YA02,CH4,B2,9,X9-211b,,10BBDGGGA849,,10CLCZJ009-2,,进口流量,E余排换热装置进口空气流量A1
GH003A,YA02,CH5,B2,28,X9-212a,,10BBDGGGA849,,10CLCZJ009-2,,进口流量,W余排换热装置进口空气流量B1
GH003A,YA02,CH5,B2,11,X9-212b,,10BBDGGGA849,,10CLCZJ009-2,,进口流量,W余排换热装置进口空气流量B1
GH003A,YA02,CH6,B2,,,,,,,,,
GH003A,YA02,CH6,B2,,,,,,,,,
GH003A,YA02,CH7,B2,,,,,,,,,
GH003A,YA02,CH7,B2,,,,,,,,,
GH003A,YB01,CH0,B3,1,BAM2-1a,,10BBDGGGA976,,,,功率设定,二回路主管道PM2-1电伴热
GH003A,YB01,CH0,B3,2,BAM2-1b,,10BBDGGGA976,,,,功率设定,二回路主管道PM2-1电伴热
GH003A,YB01,CH1,B3,3,BAM2-2a,,10BBDGGGA977,,,,功率设定,二回路主管道PM2-2电伴热
GH003A,YB01,CH1,B3,4,BAM2-2b,,10BBDGGGA977,,,,功率设定,二回路主管道PM2-2电伴热
GH003A,YB01,CH2,B3,5,BAM2-3a,,10BBDGGGA978,,,,功率设定,二回路主管道PM2-3电伴热
GH003A,YB01,CH2,B3,6,BAM2-3b,,10BBDGGGA978,,,,功率设定,二回路主管道PM2-3电伴热
GH003A,YB01,CH3,B3,7,BAM2-4a,,10BBDGGGA979,,,,功率设定,二回路主管道PM2-4电伴热
GH003A,YB01,CH3,B3,8,BAM2-4b,,10BBDGGGA979,,,,功率设定,二回路主管道PM2-4电伴热
GH003A,YB01,CH4,B3,9,BAM2-5a,,10BBDGGGA980,,,,功率设定,二回路主管道PM2-5电伴热
GH003A,YB01,CH4,B3,10,BAM2-5b,,10BBDGGGA980,,,,功率设定,二回路主管道PM2-5电伴热
GH003A,YB01,CH5,B3,11,BAM2-6a,,10BBDGGGA981,,,,功率设定,二回路主管道PM2-6电伴热
GH003A,YB01,CH5,B3,12,BAM2-6b,,10BBDGGGA981,,,,功率设定,二回路主管道PM2-6电伴热
GH003A,YB01,CH6,B3,13,BAM2-7a,,10BBDGGGA982,,,,功率设定,二回路主管道PM2-7电伴热
GH003A,YB01,CH6,B3,14,BAM2-7b,,10BBDGGGA982,,,,功率设定,二回路主管道PM2-7电伴热
GH003A,YB01,CH7,B3,15,BAM2-8a,,10BBDGGGA983,,,,功率设定,二回路主管道PM2-8电伴热
GH003A,YB01,CH7,B3,16,BAM2-8b,,10BBDGGGA983,,,,功率设定,二回路主管道PM2-8电伴热
GH003A,YB02,CH0,B4,1,BAM2-9a,,10BBDGGGA984,,,,功率设定,二回路主管道PM2-9电伴热
GH003A,YB02,CH0,B4,2,BAM2-9b,,10BBDGGGA984,,,,功率设定,二回路主管道PM2-9电伴热
GH003A,YB02,CH1,B4,3,BAM2-10a,,10BBDGGGA985,,,,功率设定,二回路主管道PM2-10电伴热
GH003A,YB02,CH1,B4,4,BAM2-10b,,10BBDGGGA985,,,,功率设定,二回路主管道PM2-10电伴热
GH003A,YB02,CH2,B4,5,BAM2-11a,,10BBDGGGA986,,,,功率设定,二回路主管道PM2-11电伴热
GH003A,YB02,CH2,B4,6,BAM2-11b,,10BBDGGGA986,,,,功率设定,二回路主管道PM2-11电伴热
GH003A,YB02,CH3,B4,7,BAM2-12a,,10BBDGGGA987,,,,功率设定,二回路主管道PM2-12电伴热
GH003A,YB02,CH3,B4,8,BAM2-12b,,10BBDGGGA987,,,,功率设定,二回路主管道PM2-12电伴热
GH003A,YB02,CH4,B4,9,BAM2-13a,,10BBDGGGA988,,,,功率设定,二回路主管道PM2-13电伴热
GH003A,YB02,CH4,B4,10,BAM2-13b,,10BBDGGGA988,,,,功率设定,二回路主管道PM2-13电伴热
GH003A,YB02,CH5,B4,11,BAM2-14a,,10BBDGGGA989,,,,功率设定,二回路主管道PM2-14电伴热
GH003A,YB02,CH5,B4,12,BAM2-14b,,10BBDGGGA989,,,,功率设定,二回路主管道PM2-14电伴热
GH003A,YB02,CH6,B4,13,BAM2-15a,,10BBDGGGA990,,,,功率设定,二回路主管道PM2-15电伴热
GH003A,YB02,CH6,B4,14,BAM2-15b,,10BBDGGGA990,,,,功率设定,二回路主管道PM2-15电伴热
GH003A,YB02,CH7,B4,15,BAM2-16a,,10BBDGGGA991,,,,功率设定,二回路主管道PM2-16电伴热
GH003A,YB02,CH7,B4,16,BAM2-16b,,10BBDGGGA991,,,,功率设定,二回路主管道PM2-16电伴热
GH003A,YB03,CH0,B5,1,X9-216a,,10BBDGGGA849,,10CLCZJ009-2,,控制,E14高出风阀A（4-20mA控制开度）
GH003A,YB03,CH0,B5,2,X9-216b,,10BBDGGGA849,,10CLCZJ009-2,,控制,E14高出风阀A（4-20mA控制开度）
GH003A,YB03,CH1,B5,3,X9-218a,,10BBDGGGA849,,10CLCZJ009-2,,控制,W出14高风阀B（（4-20mA控制开度）
GH003A,YB03,CH1,B5,4,X9-218b,,10BBDGGGA849,,10CLCZJ009-2,,控制,W出14高风阀B（（4-20mA控制开度）
GH003A,YB03,CH2,B5,5,X9-220a,,10BBDGGGA849,,10CLCZJ009-2,,控制,E进口管风阀A（4-20mA控制开度）
GH003A,YB03,CH2,B5,6,X9-220b,,10BBDGGGA849,,10CLCZJ009-2,,控制,E进口管风阀A（4-20mA控制开度）
GH003A,YB03,CH3,B5,7,X9-222a,,10BBDGGGA849,,10CLCZJ009-2,,控制,W进口管风阀B（4-20mA控制开度）
GH003A,YB03,CH3,B5,8,X9-222b,,10BBDGGGA849,,10CLCZJ009-2,,控制,W进口管风阀B（4-20mA控制开度）
GH003A,YB03,CH4,B5,9,Frqst-a,,10BBDGGGA849-1,,余排风机控制箱,,,余排风机频率设定0-10V
GH003A,YB03,CH4,B5,10,Frqst-b,,10BBDGGGA849-1,,余排风机控制箱,,,余排风机频率设定0-10V
GH003A,YB03,CH5,B5,11,,,,,,,,
GH003A,YB03,CH5,B5,12,,,,,,,,
GH003A,YB03,CH6,B5,13,,,,,,,,
GH003A,YB03,CH6,B5,14,,,,,,,,
GH003A,YB03,CH7,B5,15,,,,,,,,
GH003A,YB03,CH7,B5,16,,,,,,,,
GH003A,YD01,CH0,A5,1,DAM2-1a,,10BBDGGGA976,,,,负载运行状态,一回路主管道PM2-1电伴热
GH003A,YD01,CH0,A5,17,DAM2-1b,,10BBDGGGA976,,,,负载运行状态,一回路主管道PM2-1电伴热
GH003A,YD01,CH1,A5,2,DBM2-1a,,10BBDGGGA976,,,,可控硅故障报警,一回路主管道PM2-1电伴热
GH003A,YD01,CH1,A5,18,DBM2-1b,,10BBDGGGA976,,,,可控硅故障报警,一回路主管道PM2-1电伴热
GH003A,YD01,CH2,A5,3,DCM2-1a,,10BBDGGGA976,,,,上电备妥信号,一回路主管道PM2-1电伴热
GH003A,YD01,CH2,A5,19,DCM2-1b,,10BBDGGGA976,,,,上电备妥信号,一回路主管道PM2-1电伴热
GH003A,YD01,CH3,A5,4,DAM2-2a,,10BBDGGGA977,,,,负载运行状态,一回路主管道PM2-2电伴热
GH003A,YD01,CH3,A5,20,DAM2-2b,,10BBDGGGA977,,,,负载运行状态,一回路主管道PM2-2电伴热
GH003A,YD01,CH4,A5,5,DBM2-2a,,10BBDGGGA977,,,,可控硅故障报警,一回路主管道PM2-2电伴热
GH003A,YD01,CH4,A5,21,DBM2-2b,,10BBDGGGA977,,,,可控硅故障报警,一回路主管道PM2-2电伴热
GH003A,YD01,CH5,A5,6,DCM2-2a,,10BBDGGGA977,,,,上电备妥信号,一回路主管道PM2-2电伴热
GH003A,YD01,CH5,A5,22,DCM2-2b,,10BBDGGGA977,,,,上电备妥信号,一回路主管道PM2-2电伴热
GH003A,YD01,CH6,A5,7,DAM2-3a,,10BBDGGGA978,,,,负载运行状态,一回路主管道PM2-3电伴热
GH003A,YD01,CH6,A5,23,DAM2-3b,,10BBDGGGA978,,,,负载运行状态,一回路主管道PM2-3电伴热
GH003A,YD01,CH7,A5,8,DBM2-3a,,10BBDGGGA978,,,,可控硅故障报警,一回路主管道PM2-3电伴热
GH003A,YD01,CH7,A5,24,DBM2-3b,,10BBDGGGA978,,,,可控硅故障报警,一回路主管道PM2-3电伴热
GH003A,YD01,CH8,A5,9,DCM2-3a,,10BBDGGGA978,,,,上电备妥信号,一回路主管道PM2-3电伴热
GH003A,YD01,CH8,A5,25,DCM2-3b,,10BBDGGGA978,,,,上电备妥信号,一回路主管道PM2-3电伴热
GH003A,YD01,CH9,A5,10,DAM2-4a,,10BBDGGGA979,,,,负载运行状态,一回路主管道PM2-4电伴热
GH003A,YD01,CH9,A5,26,DAM2-4b,,10BBDGGGA979,,,,负载运行状态,一回路主管道PM2-4电伴热
GH003A,YD01,CH10,A5,11,DBM2-4a,,10BBDGGGA979,,,,可控硅故障报警,一回路主管道PM2-4电伴热
GH003A,YD01,CH10,A5,27,DBM2-4b,,10BBDGGGA979,,,,可控硅故障报警,一回路主管道PM2-4电伴热
GH003A,YD01,CH11,A5,12,DCM2-4a,,10BBDGGGA979,,,,上电备妥信号,一回路主管道PM2-4电伴热
GH003A,YD01,CH11,A5,28,DCM2-4b,,10BBDGGGA979,,,,上电备妥信号,一回路主管道PM2-4电伴热
GH003A,YD01,CH12,A5,13,DAM2-5a,,10BBDGGGA980,,,,负载运行状态,一回路主管道PM2-5电伴热
GH003A,YD01,CH12,A5,29,DAM2-5b,,10BBDGGGA980,,,,负载运行状态,一回路主管道PM2-5电伴热
GH003A,YD01,CH13,A5,14,DBM2-5a,,10BBDGGGA980,,,,可控硅故障报警,一回路主管道PM2-5电伴热
GH003A,YD01,CH13,A5,30,DBM2-5b,,10BBDGGGA980,,,,可控硅故障报警,一回路主管道PM2-5电伴热
GH003A,YD01,CH14,A5,15,DCM2-5a,,10BBDGGGA980,,,,上电备妥信号,一回路主管道PM2-5电伴热
GH003A,YD01,CH14,A5,31,DCM2-5b,,10BBDGGGA980,,,,上电备妥信号,一回路主管道PM2-5电伴热
GH003A,YD01,CH15,A5,16,,,,,,,,
GH003A,YD01,CH15,A5,32,,,,,,,,
GH003A,YD02,CH0,A6,1,DAM2-6a,,10BBDGGGA981,,,,负载运行状态,一回路主管道PM2-6电伴热
GH003A,YD02,CH0,A6,17,DAM2-6b,,10BBDGGGA981,,,,负载运行状态,一回路主管道PM2-6电伴热
GH003A,YD02,CH1,A6,2,DBM2-6a,,10BBDGGGA981,,,,可控硅故障报警,一回路主管道PM2-6电伴热
GH003A,YD02,CH1,A6,18,DBM2-6b,,10BBDGGGA981,,,,可控硅故障报警,一回路主管道PM2-6电伴热
GH003A,YD02,CH2,A6,3,DCM2-6a,,10BBDGGGA981,,,,上电备妥信号,一回路主管道PM2-6电伴热
GH003A,YD02,CH2,A6,19,DCM2-6b,,10BBDGGGA981,,,,上电备妥信号,一回路主管道PM2-6电伴热
GH003A,YD02,CH3,A6,4,DAM2-7a,,10BBDGGGA982,,,,负载运行状态,一回路主管道PM2-7电伴热
GH003A,YD02,CH3,A6,20,DAM2-7b,,10BBDGGGA982,,,,负载运行状态,一回路主管道PM2-7电伴热
GH003A,YD02,CH4,A6,5,DBM2-7a,,10BBDGGGA982,,,,可控硅故障报警,一回路主管道PM2-7电伴热
GH003A,YD02,CH4,A6,21,DBM2-7b,,10BBDGGGA982,,,,可控硅故障报警,一回路主管道PM2-7电伴热
GH003A,YD02,CH5,A6,6,DCM2-7a,,10BBDGGGA982,,,,上电备妥信号,一回路主管道PM2-7电伴热
GH003A,YD02,CH5,A6,22,DCM2-7b,,10BBDGGGA982,,,,上电备妥信号,一回路主管道PM2-7电伴热
GH003A,YD02,CH6,A6,7,DAM2-8a,,10BBDGGGA983,,,,负载运行状态,一回路主管道PM2-8电伴热
GH003A,YD02,CH6,A6,23,DAM2-8b,,10BBDGGGA983,,,,负载运行状态,一回路主管道PM2-8电伴热
GH003A,YD02,CH7,A6,8,DBM2-8a,,10BBDGGGA983,,,,可控硅故障报警,一回路主管道PM2-8电伴热
GH003A,YD02,CH7,A6,24,DBM2-8b,,10BBDGGGA983,,,,可控硅故障报警,一回路主管道PM2-8电伴热
GH003A,YD02,CH8,A6,9,DCM2-8a,,10BBDGGGA983,,,,上电备妥信号,一回路主管道PM2-8电伴热
GH003A,YD02,CH8,A6,25,DCM2-8b,,10BBDGGGA983,,,,上电备妥信号,一回路主管道PM2-8电伴热
GH003A,YD02,CH9,A6,10,DAM2-9a,,10BBDGGGA984,,,,负载运行状态,一回路主管道PM2-9电伴热
GH003A,YD02,CH9,A6,26,DAM2-9b,,10BBDGGGA984,,,,负载运行状态,一回路主管道PM2-9电伴热
GH003A,YD02,CH10,A6,11,DBM2-9a,,10BBDGGGA984,,,,可控硅故障报警,一回路主管道PM2-9电伴热
GH003A,YD02,CH10,A6,27,DBM2-9b,,10BBDGGGA984,,,,可控硅故障报警,一回路主管道PM2-9电伴热
GH003A,YD02,CH11,A6,12,DCM2-9a,,10BBDGGGA984,,,,上电备妥信号,一回路主管道PM2-9电伴热
GH003A,YD02,CH11,A6,28,DCM2-9b,,10BBDGGGA984,,,,上电备妥信号,一回路主管道PM2-9电伴热
GH003A,YD02,CH12,A6,13,DAM2-10a,,10BBDGGGA985,,,,负载运行状态,一回路主管道PM2-10电伴热
GH003A,YD02,CH12,A6,29,DAM2-10b,,10BBDGGGA985,,,,负载运行状态,二回路主管道PM2-3电伴热
GH003A,YD02,CH13,A6,14,DBM2-10a,,10BBDGGGA985,,,,可控硅故障报警,二回路主管道PM2-4电伴热
GH003A,YD02,CH13,A6,30,DBM2-10b,,10BBDGGGA985,,,,可控硅故障报警,二回路主管道PM2-4电伴热
GH003A,YD02,CH14,A6,15,DCM2-10a,,10BBDGGGA985,,,,上电备妥信号,二回路主管道PM2-5电伴热
GH003A,YD02,CH14,A6,31,DCM2-10b,,10BBDGGGA985,,,,上电备妥信号,二回路主管道PM2-5电伴热
GH003A,YD02,CH15,A6,16,,,,,,,,
GH003A,YD02,CH15,A6,32,,,,,,,,
GH003A,YD03,CH0,A7,1,DAM2-11a,,10BBDGGGA986,,,,负载运行状态,一回路主管道PM2-11电伴热
GH003A,YD03,CH0,A7,17,DAM2-11b,,10BBDGGGA986,,,,负载运行状态,一回路主管道PM2-11电伴热
GH003A,YD03,CH1,A7,2,DBM2-11a,,10BBDGGGA986,,,,可控硅故障报警,一回路主管道PM2-11电伴热
GH003A,YD03,CH1,A7,18,DBM2-11b,,10BBDGGGA986,,,,可控硅故障报警,一回路主管道PM2-11电伴热
GH003A,YD03,CH2,A7,3,DCM2-11a,,10BBDGGGA986,,,,上电备妥信号,一回路主管道PM2-11电伴热
GH003A,YD03,CH2,A7,19,DCM2-11b,,10BBDGGGA986,,,,上电备妥信号,一回路主管道PM2-11电伴热
GH003A,YD03,CH3,A7,4,DAM2-12a,,10BBDGGGA987,,,,负载运行状态,一回路主管道PM2-12电伴热
GH003A,YD03,CH3,A7,20,DAM2-12b,,10BBDGGGA987,,,,负载运行状态,一回路主管道PM2-12电伴热
GH003A,YD03,CH4,A7,5,DBM2-12a,,10BBDGGGA987,,,,可控硅故障报警,一回路主管道PM2-12电伴热
GH003A,YD03,CH4,A7,21,DBM2-12b,,10BBDGGGA987,,,,可控硅故障报警,一回路主管道PM2-12电伴热
GH003A,YD03,CH5,A7,6,DCM2-12a,,10BBDGGGA987,,,,上电备妥信号,一回路主管道PM2-12电伴热
GH003A,YD03,CH5,A7,22,DCM2-12b,,10BBDGGGA987,,,,上电备妥信号,一回路主管道PM2-12电伴热
GH003A,YD03,CH6,A7,7,DAM2-13a,,10BBDGGGA988,,,,负载运行状态,一回路主管道PM2-13电伴热
GH003A,YD03,CH6,A7,23,DAM2-13b,,10BBDGGGA988,,,,负载运行状态,一回路主管道PM2-13电伴热
GH003A,YD03,CH7,A7,8,DBM2-13a,,10BBDGGGA988,,,,可控硅故障报警,一回路主管道PM2-13电伴热
GH003A,YD03,CH7,A7,24,DBM2-13b,,10BBDGGGA988,,,,可控硅故障报警,一回路主管道PM2-13电伴热
GH003A,YD03,CH8,A7,9,DCM2-13a,,10BBDGGGA988,,,,上电备妥信号,一回路主管道PM2-13电伴热
GH003A,YD03,CH8,A7,25,DCM2-13b,,10BBDGGGA988,,,,上电备妥信号,一回路主管道PM2-13电伴热
GH003A,YD03,CH9,A7,10,DAM2-14a,,10BBDGGGA989,,,,负载运行状态,一回路主管道PM2-14电伴热
GH003A,YD03,CH9,A7,26,DAM2-14b,,10BBDGGGA989,,,,负载运行状态,一回路主管道PM2-14电伴热
GH003A,YD03,CH10,A7,11,DBM2-14a,,10BBDGGGA989,,,,可控硅故障报警,一回路主管道PM2-14电伴热
GH003A,YD03,CH10,A7,27,DBM2-14b,,10BBDGGGA989,,,,可控硅故障报警,一回路主管道PM2-14电伴热
GH003A,YD03,CH11,A7,12,DCM2-14a,,10BBDGGGA989,,,,上电备妥信号,一回路主管道PM2-14电伴热
GH003A,YD03,CH11,A7,28,DCM2-14b,,10BBDGGGA989,,,,上电备妥信号,一回路主管道PM2-14电伴热
GH003A,YD03,CH12,A7,13,DAM2-15a,,10BBDGGGA990,,,,负载运行状态,一回路主管道PM2-15电伴热
GH003A,YD03,CH12,A7,29,DAM2-15b,,10BBDGGGA990,,,,负载运行状态,一回路主管道PM2-15电伴热
GH003A,YD03,CH13,A7,14,DBM2-15a,,10BBDGGGA990,,,,可控硅故障报警,一回路主管道PM2-15电伴热
GH003A,YD03,CH13,A7,30,DBM2-15b,,10BBDGGGA990,,,,可控硅故障报警,一回路主管道PM2-15电伴热
GH003A,YD03,CH14,A7,15,DCM2-15a,,10BBDGGGA990,,,,上电备妥信号,一回路主管道PM2-15电伴热
GH003A,YD03,CH14,A7,31,DCM2-15b,,10BBDGGGA990,,,,上电备妥信号,一回路主管道PM2-15电伴热
GH003A,YD03,CH15,A7,16,,,10BBDGGGA990,,,,,
GH003A,YD03,CH15,A7,32,DAM2-16a,,10BBDGGGA991,,,,,
GH003A,YD04,CH0,A8,1,DAM2-16b,,10BBDGGGA991,,,,负载运行状态,一回路主管道PM2-16电伴热
GH003A,YD04,CH0,A8,17,DBM2-16a,,10BBDGGGA991,,,,负载运行状态,一回路主管道PM2-16电伴热
GH003A,YD04,CH1,A8,2,DBM2-16b,,10BBDGGGA991,,,,可控硅故障报警,
GH003A,YD04,CH1,A8,18,DCM2-16a,,10BBDGGGA991,,,,可控硅故障报警,
GH003A,YD04,CH2,A8,3,DCM2-16b,,10BBDGGGA991,,,,上电备妥信号,
GH003A,YD04,CH2,A8,19,,,,,,,,
GH003A,YD04,CH3,A8,4,,,,,,,,
GH003A,YD04,CH3,A8,20,,,,,,,,
GH003A,YD04,CH4,A8,5,,,,,,,,
GH003A,YD04,CH4,A8,21,,,,,,,,
GH003A,YD04,CH5,A8,6,,,,,,,,
GH003A,YD04,CH5,A8,22,,,,,,,,
GH003A,YD04,CH6,A8,7,,,,,,,,
GH003A,YD04,CH6,A8,23,,,,,,,,
GH003A,YD04,CH7,A8,8,,,,,,,,
GH003A,YD04,CH7,A8,24,,,,,,,,
GH003A,YD04,CH8,A8,9,,,,,,,,
GH003A,YD04,CH8,A8,25,,,,,,,,
GH003A,YD04,CH9,A8,10,,,,,,,,
GH003A,YD04,CH9,A8,26,,,,,,,,
GH003A,YD04,CH10,A8,11,,,,,,,,
GH003A,YD04,CH10,A8,27,,,,,,,,
GH003A,YD04,CH11,A8,12,,,,,,,,
GH003A,YD04,CH11,A8,28,,,,,,,,
GH003A,YD04,CH12,A8,13,,,,,,,,
GH003A,YD04,CH12,A8,29,,,,,,,,
GH003A,YD04,CH13,A8,14,,,,,,,,
GH003A,YD04,CH13,A8,30,,,,,,,,
GH003A,YD04,CH14,A8,15,,,,,,,,
GH003A,YD04,CH14,A8,31,,,,,,,,
GH003A,YD04,CH15,A8,16,,,,,,,,
GH003A,YD04,CH15,A8,32,,,,,,,,
GH003A,YD05,CH0,A9,1,Str-a,,10BBDGGGA849-1,,余排风机控制箱,,运行状态,余排风机
GH003A,YD05,CH0,A9,17,Str-b,,10BBDGGGA849-1,,余排风机控制箱,,运行状态,余排风机
GH003A,YD05,CH1,A9,2,Rst-a,,10BBDGGGA849-1,,余排风机控制箱,,故障状态,余排风机
GH003A,YD05,CH1,A9,18,Rst-b,,10BBDGGGA849-1,,余排风机控制箱,,故障状态,余排风机
GH003A,YD05,CH2,A9,3,Sts-a,,10BBDGGGA849-1,,余排风机控制箱,,远程状态,余排风机
GH003A,YD05,CH2,A9,19,Sts-b,,10BBDGGGA849-1,,余排风机控制箱,,远程状态,余排风机
GH003A,YD05,CH3,A9,4,,,,,,,,
GH003A,YD05,CH3,A9,20,,,,,,,,
GH003A,YD05,CH4,A9,5,,,,,,,,
GH003A,YD05,CH4,A9,21,,,,,,,,
GH003A,YD05,CH5,A9,6,,,,,,,,
GH003A,YD05,CH5,A9,22,,,,,,,,
GH003A,YD05,CH6,A9,7,,,,,,,,
GH003A,YD05,CH6,A9,23,,,,,,,,
GH003A,YD05,CH7,A9,8,,,,,,,,
GH003A,YD05,CH7,A9,24,,,,,,,,
GH003A,YD05,CH8,A9,9,,,,,,,,
GH003A,YD05,CH8,A9,25,,,,,,,,
GH003A,YD05,CH9,A9,10,,,,,,,,
GH003A,YD05,CH9,A9,26,,,,,,,,
GH003A,YD05,CH10,A9,11,,,,,,,,
GH003A,YD05,CH10,A9,27,,,,,,,,
GH003A,YD05,CH11,A9,12,,,,,,,,
GH003A,YD05,CH11,A9,28,,,,,,,,
GH003A,YD05,CH12,A9,13,,,,,,,,
GH003A,YD05,CH12,A9,29,,,,,,,,
GH003A,YD05,CH13,A9,14,,,,,,,,
GH003A,YD05,CH13,A9,30,,,,,,,,
GH003A,YD05,CH14,A9,15,,,,,,,,
GH003A,YD05,CH14,A9,31,,,,,,,,
GH003A,YD05,CH15,A9,16,,,,,,,,
GH003A,YD05,CH15,A9,32,,,,,,,,
GH003A,YE01,CH0,C1,1,EAM2-1a,,10BBDGGGA976,,,,启动控制,一回路主管道PM2-1电伴热
GH003A,YE01,CH0,C1,17,EAM2-1b,,10BBDGGGA976,,,,启动控制,一回路主管道PM2-1电伴热
GH003A,YE01,CH1,C1,3,EAM2-2a,,10BBDGGGA977,,,,启动控制,一回路主管道PM2-2电伴热
GH003A,YE01,CH1,C1,19,EAM2-2b,,10BBDGGGA977,,,,启动控制,一回路主管道PM2-2电伴热
GH003A,YE01,CH2,C1,5,EAM2-3a,,10BBDGGGA978,,,,启动控制,一回路主管道PM2-3电伴热
GH003A,YE01,CH2,C1,21,EAM2-3b,,10BBDGGGA978,,,,启动控制,一回路主管道PM2-3电伴热
GH003A,YE01,CH3,C1,7,EAM2-4a,,10BBDGGGA979,,,,启动控制,一回路主管道PM2-4电伴热
GH003A,YE01,CH3,C1,23,EAM2-4b,,10BBDGGGA979,,,,启动控制,一回路主管道PM2-4电伴热
GH003A,YE01,CH4,C1,9,EAM2-5a,,10BBDGGGA980,,,,启动控制,一回路主管道PM2-5电伴热
GH003A,YE01,CH4,C1,25,EAM2-5b,,10BBDGGGA980,,,,启动控制,一回路主管道PM2-5电伴热
GH003A,YE01,CH5,C1,11,EAM2-6a,,10BBDGGGA981,,,,启动控制,一回路主管道PM2-6电伴热
GH003A,YE01,CH5,C1,27,EAM2-6b,,10BBDGGGA981,,,,启动控制,一回路主管道PM2-6电伴热
GH003A,YE01,CH6,C1,13,EAM2-7a,,10BBDGGGA982,,,,启动控制,一回路主管道PM2-7电伴热
GH003A,YE01,CH6,C1,29,EAM2-7b,,10BBDGGGA982,,,,启动控制,一回路主管道PM2-7电伴热
GH003A,YE01,CH7,C1,15,EAM2-8a,,10BBDGGGA983,,,,启动控制,一回路主管道PM2-8电伴热
GH003A,YE01,CH7,C1,31,EAM2-8b,,10BBDGGGA983,,,,启动控制,一回路主管道PM2-8电伴热
GH003A,YE01,CH8,C1,33,EAM2-9a,,10BBDGGGA984,,,,启动控制,一回路主管道PM2-9电伴热
GH003A,YE01,CH8,C1,49,EAM2-9b,,10BBDGGGA984,,,,启动控制,一回路主管道PM2-9电伴热
GH003A,YE01,CH9,C1,35,EAM2-10a,,10BBDGGGA985,,,,启动控制,一回路主管道PM2-10电伴热
GH003A,YE01,CH9,C1,51,EAM2-10b,,10BBDGGGA985,,,,启动控制,一回路主管道PM2-10电伴热
GH003A,YE01,CH10,C1,37,EAM2-11a,,10BBDGGGA986,,,,启动控制,一回路主管道PM2-11电伴热
GH003A,YE01,CH10,C1,53,EAM2-11b,,10BBDGGGA986,,,,启动控制,一回路主管道PM2-11电伴热
GH003A,YE01,CH11,C1,39,EAM2-12a,,10BBDGGGA987,,,,启动控制,一回路主管道PM2-12电伴热
GH003A,YE01,CH11,C1,55,EAM2-12b,,10BBDGGGA987,,,,启动控制,一回路主管道PM2-12电伴热
GH003A,YE01,CH12,C1,41,EAM2-13a,,10BBDGGGA988,,,,启动控制,一回路主管道PM2-13电伴热
GH003A,YE01,CH12,C1,57,EAM2-13b,,10BBDGGGA988,,,,启动控制,一回路主管道PM2-13电伴热
GH003A,YE01,CH13,C1,43,EAM2-14a,,10BBDGGGA989,,,,启动控制,一回路主管道PM2-14电伴热
GH003A,YE01,CH13,C1,59,EAM2-14b,,10BBDGGGA989,,,,启动控制,一回路主管道PM2-14电伴热
GH003A,YE01,CH14,C1,45,EAM2-15a,,10BBDGGGA990,,,,启动控制,一回路主管道PM2-15电伴热
GH003A,YE01,CH14,C1,61,EAM2-15b,,10BBDGGGA990,,,,启动控制,一回路主管道PM2-15电伴热
GH003A,YE01,CH15,C1,47,EAM2-16a,,10BBDGGGA991,,,,启动控制,一回路主管道PM2-16电伴热
GH003A,YE01,CH15,C1,63,EAM2-16b,,10BBDGGGA991,,,,启动控制,一回路主管道PM2-16电伴热
GH003A,YE02,CH0,C2,1,Err-a,,10BBDGGGA849-1,,余排风机控制箱,,BA启停,余排风机
GH003A,YE02,CH0,C2,17,Err-b,,10BBDGGGA849-1,,余排风机控制箱,,BA启停,余排风机
GH003A,YE02,CH1,C2,3,,,,,,,,
GH003A,YE02,CH1,C2,19,,,,,,,,
GH003A,YE02,CH2,C2,5,,,,,,,,
GH003A,YE02,CH2,C2,21,,,,,,,,
GH003A,YE02,CH3,C2,7,,,,,,,,
GH003A,YE02,CH3,C2,23,,,,,,,,
GH003A,YE02,CH4,C2,9,,,,,,,,
GH003A,YE02,CH4,C2,25,,,,,,,,
GH003A,YE02,CH5,C2,11,,,,,,,,
GH003A,YE02,CH5,C2,27,,,,,,,,
GH003A,YE02,CH6,C2,13,,,,,,,,
GH003A,YE02,CH6,C2,29,,,,,,,,
GH003A,YE02,CH7,C2,15,,,,,,,,
GH003A,YE02,CH7,C2,31,,,,,,,,
GH003A,YE02,CH8,C2,33,,,,,,,,
GH003A,YE02,CH8,C2,49,,,,,,,,
GH003A,YE02,CH9,C2,35,,,,,,,,
GH003A,YE02,CH9,C2,51,,,,,,,,
GH003A,YE02,CH10,C2,37,,,,,,,,
GH003A,YE02,CH10,C2,53,,,,,,,,
GH003A,YE02,CH11,C2,39,,,,,,,,
GH003A,YE02,CH11,C2,55,,,,,,,,
GH003A,YE02,CH12,C2,41,,,,,,,,
GH003A,YE02,CH12,C2,57,,,,,,,,
GH003A,YE02,CH13,C2,43,,,,,,,,
GH003A,YE02,CH13,C2,59,,,,,,,,
GH003A,YE02,CH14,C2,45,,,,,,,,
GH003A,YE02,CH14,C2,61,,,,,,,,
GH003A,YE02,CH15,C2,47,,,,,,,,
GH003A,YE02,CH15,C2,63,,,,,,,,
